ar,smasvaedi,fjoldi
2008,0101,752
2008,0102,536
2008,0103,701
2008,0104,491
2008,0201,495
2008,0202,718
2008,0203,757
2008,0204,681
2008,0205,651
2008,0206,854
2008,0207,453
2008,0208,711
2008,0301,1105
2008,0302,1321
2008,0303,835
2008,0304,1093
2008,0401,1120
2008,0402,1163
2008,0403,666
2008,0404,1042
2008,0405,1018
2008,0501,861
2008,0502,747
2008,0503,658
2008,0504,680
2008,0601,1167
2008,0602,904
2008,0603,437
2008,0604,752
2008,0605,547
2008,0606,770
2008,0701,734
2008,0702,604
2008,0703,711
2008,0704,960
2008,0705,945
2008,0706,1364
2008,0707,558
2008,0708,931
2008,0801,822
2008,0802,605
2008,0803,1162
2008,0804,1302
2008,0805,754
2008,0806,1078
2008,0807,815
2008,0901,1231
2008,0902,794
2008,0903,945
2008,0904,939
2008,0905,613
2008,1001,299
2008,1002,682
2008,1003,1413
2008,1004,1076
2008,1005,898
2008,1006,960
2008,1101,439
2008,1102,1469
2008,1103,1346
2008,1104,1054
2008,1201,933
2008,1202,1381
2008,1203,725
2008,1204,1096
2008,1205,643
2008,1206,755
2008,1301,939
2008,1302,1076
2008,1303,750
2008,1304,14
2008,1305,452
2008,1401,487
2008,1402,232
2008,1403,551
2008,1404,457
2008,1501,1055
2008,1502,847
2008,1503,1160
2008,1504,1014
2008,1601,282
2008,1602,1167
2008,1603,1605
2008,1701,433
2008,1702,569
2008,1703,619
2008,1704,811
2008,1705,1093
2008,1706,1024
2008,1801,654
2008,1802,475
2008,1803,104
2008,1804,631
2008,1805,589
2008,1806,394
2008,1807,846
2008,1808,1145
2008,1809,569
2008,1810,442
2008,1811,647
2008,1901,983
2008,1902,333
2008,1903,213
2008,1904,839
2008,2001,821
2008,2002,326
2008,2003,481
2008,2004,1219
2008,2005,919
2008,2006,1155
2008,2007,1070
2008,2008,484
2008,2101,1026
2008,2102,377
2008,2103,592
2008,2104,987
2008,2105,542
2008,2106,1027
2008,2201,572
2008,2202,75
2008,2203,147
2008,2204,649
2008,2205,675
2008,2301,884
2008,2302,532
2008,2303,869
2008,2401,793
2008,2402,1016
2008,2403,1135
2008,2404,753
2008,2405,231
2008,2406,657
2008,2407,11
2008,2501,1020
2008,2502,405
2008,2503,799
2008,2504,831
2008,2601,913
2008,2602,1186
2008,2701,605
2008,2702,774
2008,2703,1042
2008,2704,802
2008,2705,728
2008,2801,832
2008,2802,663
2008,2803,1088
2008,2804,1004
2008,2901,1161
2008,2902,700
2008,2903,814
2008,2904,1547
2008,3001,67
2008,3002,179
2008,3003,880
2008,3004,288
2008,3005,535
2008,3006,575
2008,3101,988
2008,3102,362
2008,3103,901
2008,3104,732
2008,3105,600
2008,3201,599
2008,3202,809
2008,3203,709
2008,3204,1176
2008,3205,153
2008,3301,746
2008,3302,1122
2008,3303,706
2008,3304,1037
2008,3305,1137
2008,3401,1030
2008,3402,617
2008,3403,1589
2008,3404,510
2008,3501,540
2008,3502,876
2008,3503,706
2008,3504,1351
2008,3601,1081
2008,3602,980
2008,3603,1107
2008,3701,622
2008,3702,850
2008,3703,851
2008,3704,613
2008,3801,277
2008,3802,311
2008,3803,692
2008,3804,854
2008,3901,930
2008,3902,872
2008,3903,1118
2008,3904,900
2008,4001,627
2008,4002,1208
2008,4003,583
2008,4101,781
2008,4102,1504
2008,4103,945
2008,4201,898
2008,4202,560
2008,4203,709
2008,4204,617
2009,0101,715
2009,0102,525
2009,0103,638
2009,0104,480
2009,0201,466
2009,0202,710
2009,0203,716
2009,0204,663
2009,0205,620
2009,0206,813
2009,0207,419
2009,0208,712
2009,0301,1059
2009,0302,1202
2009,0303,747
2009,0304,974
2009,0401,1111
2009,0402,1064
2009,0403,609
2009,0404,967
2009,0405,918
2009,0501,795
2009,0502,733
2009,0503,609
2009,0504,598
2009,0601,1111
2009,0602,853
2009,0603,426
2009,0604,700
2009,0605,511
2009,0606,747
2009,0701,700
2009,0702,587
2009,0703,676
2009,0704,932
2009,0705,921
2009,0706,1273
2009,0707,554
2009,0708,892
2009,0801,731
2009,0802,593
2009,0803,1070
2009,0804,1251
2009,0805,714
2009,0806,964
2009,0807,765
2009,0901,1176
2009,0902,723
2009,0903,867
2009,0904,868
2009,0905,578
2009,1001,323
2009,1002,788
2009,1003,1273
2009,1004,1001
2009,1005,867
2009,1006,884
2009,1101,421
2009,1102,1395
2009,1103,1261
2009,1104,1001
2009,1201,861
2009,1202,1299
2009,1203,686
2009,1204,1025
2009,1205,631
2009,1206,720
2009,1301,888
2009,1302,1011
2009,1303,722
2009,1304,60
2009,1305,368
2009,1401,551
2009,1402,283
2009,1403,506
2009,1404,476
2009,1501,956
2009,1502,865
2009,1503,1076
2009,1504,966
2009,1601,383
2009,1602,1063
2009,1603,1467
2009,1701,457
2009,1702,524
2009,1703,559
2009,1704,745
2009,1705,1012
2009,1706,877
2009,1801,642
2009,1802,450
2009,1803,88
2009,1804,567
2009,1805,608
2009,1806,385
2009,1807,792
2009,1808,1064
2009,1809,626
2009,1810,400
2009,1811,626
2009,1901,859
2009,1902,310
2009,1903,213
2009,1904,783
2009,2001,767
2009,2002,268
2009,2003,448
2009,2004,1138
2009,2005,881
2009,2006,1102
2009,2007,995
2009,2008,396
2009,2101,978
2009,2102,346
2009,2103,589
2009,2104,905
2009,2105,535
2009,2106,930
2009,2201,673
2009,2202,200
2009,2203,195
2009,2204,661
2009,2205,628
2009,2301,835
2009,2302,484
2009,2303,823
2009,2401,739
2009,2402,966
2009,2403,1044
2009,2404,716
2009,2405,240
2009,2406,604
2009,2407,72
2009,2501,1031
2009,2502,392
2009,2503,779
2009,2504,824
2009,2601,892
2009,2602,1249
2009,2701,569
2009,2702,689
2009,2703,1028
2009,2704,749
2009,2705,685
2009,2801,765
2009,2802,626
2009,2803,989
2009,2804,971
2009,2901,1034
2009,2902,585
2009,2903,677
2009,2904,1365
2009,3001,214
2009,3002,201
2009,3003,636
2009,3004,390
2009,3005,547
2009,3006,472
2009,3101,958
2009,3102,366
2009,3103,768
2009,3104,690
2009,3105,524
2009,3201,513
2009,3202,775
2009,3203,705
2009,3204,1116
2009,3205,201
2009,3301,695
2009,3302,959
2009,3303,668
2009,3304,1011
2009,3305,1102
2009,3401,1021
2009,3402,620
2009,3403,1545
2009,3404,525
2009,3501,512
2009,3502,845
2009,3503,696
2009,3504,1334
2009,3601,1030
2009,3602,965
2009,3603,1040
2009,3701,601
2009,3702,760
2009,3703,806
2009,3704,549
2009,3801,351
2009,3802,353
2009,3803,665
2009,3804,827
2009,3901,903
2009,3902,828
2009,3903,1046
2009,3904,851
2009,4001,606
2009,4002,1156
2009,4003,547
2009,4101,749
2009,4102,1414
2009,4103,649
2009,4201,840
2009,4202,552
2009,4203,589
2009,4204,591
2010,0101,652
2010,0102,512
2010,0103,604
2010,0104,460
2010,0201,459
2010,0202,666
2010,0203,714
2010,0204,661
2010,0205,589
2010,0206,771
2010,0207,367
2010,0208,696
2010,0301,1010
2010,0302,1141
2010,0303,675
2010,0304,931
2010,0401,1063
2010,0402,1058
2010,0403,592
2010,0404,934
2010,0405,878
2010,0501,684
2010,0502,690
2010,0503,591
2010,0504,548
2010,0601,1011
2010,0602,784
2010,0603,395
2010,0604,655
2010,0605,493
2010,0606,686
2010,0701,679
2010,0702,562
2010,0703,645
2010,0704,892
2010,0705,897
2010,0706,1235
2010,0707,534
2010,0708,825
2010,0801,643
2010,0802,562
2010,0803,945
2010,0804,1163
2010,0805,667
2010,0806,928
2010,0807,706
2010,0901,1108
2010,0902,690
2010,0903,808
2010,0904,836
2010,0905,546
2010,1001,334
2010,1002,760
2010,1003,1238
2010,1004,957
2010,1005,857
2010,1006,826
2010,1101,412
2010,1102,1359
2010,1103,1209
2010,1104,970
2010,1201,842
2010,1202,1255
2010,1203,692
2010,1204,970
2010,1205,600
2010,1206,690
2010,1301,801
2010,1302,975
2010,1303,662
2010,1304,101
2010,1305,350
2010,1401,563
2010,1402,307
2010,1403,467
2010,1404,453
2010,1501,896
2010,1502,820
2010,1503,1014
2010,1504,881
2010,1601,437
2010,1602,995
2010,1603,1421
2010,1701,443
2010,1702,512
2010,1703,547
2010,1704,689
2010,1705,967
2010,1706,832
2010,1801,614
2010,1802,451
2010,1803,81
2010,1804,564
2010,1805,612
2010,1806,371
2010,1807,768
2010,1808,1027
2010,1809,660
2010,1810,387
2010,1811,683
2010,1901,786
2010,1902,308
2010,1903,240
2010,1904,730
2010,2001,758
2010,2002,258
2010,2003,470
2010,2004,1072
2010,2005,822
2010,2006,1068
2010,2007,926
2010,2008,381
2010,2101,914
2010,2102,339
2010,2103,599
2010,2104,865
2010,2105,487
2010,2106,867
2010,2201,704
2010,2202,321
2010,2203,227
2010,2204,666
2010,2205,606
2010,2301,827
2010,2302,484
2010,2303,795
2010,2401,736
2010,2402,953
2010,2403,998
2010,2404,672
2010,2405,238
2010,2406,558
2010,2407,111
2010,2501,1018
2010,2502,376
2010,2503,764
2010,2504,806
2010,2601,912
2010,2602,1202
2010,2701,523
2010,2702,649
2010,2703,977
2010,2704,711
2010,2705,685
2010,2801,748
2010,2802,595
2010,2803,976
2010,2804,971
2010,2901,1015
2010,2902,512
2010,2903,642
2010,2904,1303
2010,3001,150
2010,3002,178
2010,3003,645
2010,3004,442
2010,3005,519
2010,3006,467
2010,3101,940
2010,3102,348
2010,3103,757
2010,3104,669
2010,3105,488
2010,3201,463
2010,3202,736
2010,3203,646
2010,3204,1078
2010,3205,255
2010,3301,668
2010,3302,880
2010,3303,631
2010,3304,1022
2010,3305,1087
2010,3401,1036
2010,3402,576
2010,3403,1525
2010,3404,495
2010,3501,469
2010,3502,796
2010,3503,660
2010,3504,1299
2010,3601,977
2010,3602,968
2010,3603,1034
2010,3701,588
2010,3702,766
2010,3703,777
2010,3704,538
2010,3801,374
2010,3802,379
2010,3803,637
2010,3804,796
2010,3901,856
2010,3902,775
2010,3903,1009
2010,3904,816
2010,4001,573
2010,4002,1137
2010,4003,545
2010,4101,714
2010,4102,1364
2010,4103,572
2010,4201,835
2010,4202,535
2010,4203,600
2010,4204,563
2011,0101,668
2011,0102,494
2011,0103,605
2011,0104,485
2011,0201,445
2011,0202,682
2011,0203,730
2011,0204,651
2011,0205,577
2011,0206,788
2011,0207,383
2011,0208,685
2011,0301,998
2011,0302,1174
2011,0303,702
2011,0304,923
2011,0401,1039
2011,0402,1076
2011,0403,601
2011,0404,957
2011,0405,886
2011,0501,678
2011,0502,695
2011,0503,575
2011,0504,550
2011,0601,996
2011,0602,817
2011,0603,369
2011,0604,652
2011,0605,481
2011,0606,697
2011,0701,707
2011,0702,579
2011,0703,648
2011,0704,895
2011,0705,895
2011,0706,1192
2011,0707,517
2011,0708,868
2011,0801,634
2011,0802,555
2011,0803,903
2011,0804,1136
2011,0805,678
2011,0806,880
2011,0807,687
2011,0901,1091
2011,0902,655
2011,0903,818
2011,0904,815
2011,0905,505
2011,1001,340
2011,1002,781
2011,1003,1249
2011,1004,977
2011,1005,858
2011,1006,832
2011,1101,396
2011,1102,1350
2011,1103,1193
2011,1104,950
2011,1201,820
2011,1202,1254
2011,1203,696
2011,1204,966
2011,1205,615
2011,1206,702
2011,1301,812
2011,1302,944
2011,1303,666
2011,1304,134
2011,1305,357
2011,1401,603
2011,1402,305
2011,1403,466
2011,1404,467
2011,1501,909
2011,1502,839
2011,1503,1019
2011,1504,848
2011,1601,464
2011,1602,993
2011,1603,1414
2011,1701,461
2011,1702,486
2011,1703,523
2011,1704,701
2011,1705,963
2011,1706,840
2011,1801,618
2011,1802,464
2011,1803,79
2011,1804,589
2011,1805,633
2011,1806,378
2011,1807,757
2011,1808,1002
2011,1809,690
2011,1810,402
2011,1811,747
2011,1901,803
2011,1902,318
2011,1903,253
2011,1904,741
2011,2001,760
2011,2002,296
2011,2003,461
2011,2004,1068
2011,2005,814
2011,2006,1067
2011,2007,922
2011,2008,394
2011,2101,884
2011,2102,325
2011,2103,602
2011,2104,880
2011,2105,477
2011,2106,862
2011,2201,765
2011,2202,367
2011,2203,280
2011,2204,687
2011,2205,622
2011,2301,824
2011,2302,467
2011,2303,791
2011,2401,784
2011,2402,948
2011,2403,986
2011,2404,662
2011,2405,225
2011,2406,560
2011,2407,132
2011,2501,1018
2011,2502,376
2011,2503,775
2011,2504,796
2011,2601,908
2011,2602,1209
2011,2701,541
2011,2702,649
2011,2703,953
2011,2704,677
2011,2705,698
2011,2801,791
2011,2802,588
2011,2803,957
2011,2804,896
2011,2901,1023
2011,2902,513
2011,2903,637
2011,2904,1247
2011,3001,143
2011,3002,176
2011,3003,653
2011,3004,444
2011,3005,516
2011,3006,459
2011,3101,933
2011,3102,357
2011,3103,705
2011,3104,631
2011,3105,460
2011,3201,450
2011,3202,735
2011,3203,613
2011,3204,1064
2011,3205,307
2011,3301,644
2011,3302,890
2011,3303,626
2011,3304,1018
2011,3305,1062
2011,3401,995
2011,3402,531
2011,3403,1469
2011,3404,454
2011,3501,485
2011,3502,803
2011,3503,639
2011,3504,1323
2011,3601,939
2011,3602,962
2011,3603,1069
2011,3701,595
2011,3702,752
2011,3703,773
2011,3704,515
2011,3801,426
2011,3802,399
2011,3803,626
2011,3804,797
2011,3901,863
2011,3902,781
2011,3903,1025
2011,3904,816
2011,4001,579
2011,4002,1126
2011,4003,542
2011,4101,709
2011,4102,1385
2011,4103,552
2011,4201,811
2011,4202,536
2011,4203,617
2011,4204,547
2012,0101,674
2012,0102,490
2012,0103,634
2012,0104,470
2012,0201,452
2012,0202,716
2012,0203,757
2012,0204,650
2012,0205,578
2012,0206,797
2012,0207,398
2012,0208,696
2012,0301,1015
2012,0302,1159
2012,0303,671
2012,0304,923
2012,0401,1052
2012,0402,1105
2012,0403,566
2012,0404,1008
2012,0405,845
2012,0501,694
2012,0502,713
2012,0503,585
2012,0504,567
2012,0601,1054
2012,0602,801
2012,0603,375
2012,0604,672
2012,0605,502
2012,0606,691
2012,0701,737
2012,0702,579
2012,0703,672
2012,0704,907
2012,0705,873
2012,0706,1233
2012,0707,526
2012,0708,884
2012,0801,651
2012,0802,552
2012,0803,890
2012,0804,1141
2012,0805,679
2012,0806,887
2012,0807,682
2012,0901,1074
2012,0902,674
2012,0903,809
2012,0904,835
2012,0905,518
2012,1001,385
2012,1002,813
2012,1003,1268
2012,1004,990
2012,1005,847
2012,1006,796
2012,1101,412
2012,1102,1349
2012,1103,1212
2012,1104,981
2012,1201,819
2012,1202,1277
2012,1203,748
2012,1204,951
2012,1205,608
2012,1206,703
2012,1301,840
2012,1302,1023
2012,1303,661
2012,1304,178
2012,1305,350
2012,1401,659
2012,1402,318
2012,1403,484
2012,1404,467
2012,1501,930
2012,1502,820
2012,1503,1002
2012,1504,847
2012,1601,507
2012,1602,1027
2012,1603,1427
2012,1701,498
2012,1702,494
2012,1703,517
2012,1704,760
2012,1705,947
2012,1706,886
2012,1801,631
2012,1802,487
2012,1803,83
2012,1804,626
2012,1805,680
2012,1806,381
2012,1807,743
2012,1808,1005
2012,1809,693
2012,1810,389
2012,1811,781
2012,1901,863
2012,1902,315
2012,1903,267
2012,1904,730
2012,2001,789
2012,2002,267
2012,2003,480
2012,2004,1106
2012,2005,861
2012,2006,1049
2012,2007,929
2012,2008,403
2012,2101,928
2012,2102,340
2012,2103,604
2012,2104,897
2012,2105,488
2012,2106,863
2012,2201,819
2012,2202,415
2012,2203,331
2012,2204,695
2012,2205,658
2012,2301,814
2012,2302,493
2012,2303,814
2012,2401,865
2012,2402,969
2012,2403,990
2012,2404,694
2012,2405,244
2012,2406,564
2012,2407,144
2012,2501,1055
2012,2502,379
2012,2503,753
2012,2504,813
2012,2601,944
2012,2602,1233
2012,2701,543
2012,2702,623
2012,2703,986
2012,2704,668
2012,2705,668
2012,2801,815
2012,2802,590
2012,2803,944
2012,2804,922
2012,2901,1050
2012,2902,512
2012,2903,606
2012,2904,1270
2012,3001,195
2012,3002,199
2012,3003,633
2012,3004,479
2012,3005,521
2012,3006,464
2012,3101,933
2012,3102,370
2012,3103,730
2012,3104,649
2012,3105,422
2012,3201,439
2012,3202,719
2012,3203,652
2012,3204,1061
2012,3205,324
2012,3301,647
2012,3302,915
2012,3303,635
2012,3304,1007
2012,3305,1071
2012,3401,1028
2012,3402,520
2012,3403,1424
2012,3404,485
2012,3501,467
2012,3502,791
2012,3503,631
2012,3504,1322
2012,3601,948
2012,3602,946
2012,3603,1051
2012,3701,580
2012,3702,763
2012,3703,776
2012,3704,506
2012,3801,463
2012,3802,407
2012,3803,615
2012,3804,838
2012,3901,865
2012,3902,803
2012,3903,1047
2012,3904,806
2012,4001,591
2012,4002,1095
2012,4003,541
2012,4101,736
2012,4102,1399
2012,4103,570
2012,4201,838
2012,4202,532
2012,4203,622
2012,4204,553
2013,0101,709
2013,0102,524
2013,0103,640
2013,0104,500
2013,0201,473
2013,0202,756
2013,0203,762
2013,0204,678
2013,0205,600
2013,0206,830
2013,0207,429
2013,0208,695
2013,0301,1025
2013,0302,1197
2013,0303,696
2013,0304,964
2013,0401,1118
2013,0402,1099
2013,0403,592
2013,0404,1034
2013,0405,882
2013,0501,715
2013,0502,727
2013,0503,642
2013,0504,584
2013,0601,1090
2013,0602,824
2013,0603,386
2013,0604,692
2013,0605,515
2013,0606,722
2013,0701,722
2013,0702,610
2013,0703,685
2013,0704,949
2013,0705,921
2013,0706,1295
2013,0707,554
2013,0708,888
2013,0801,679
2013,0802,565
2013,0803,977
2013,0804,1196
2013,0805,721
2013,0806,904
2013,0807,722
2013,0901,1105
2013,0902,681
2013,0903,847
2013,0904,841
2013,0905,507
2013,1001,382
2013,1002,859
2013,1003,1253
2013,1004,1012
2013,1005,846
2013,1006,852
2013,1101,407
2013,1102,1376
2013,1103,1200
2013,1104,978
2013,1201,816
2013,1202,1290
2013,1203,755
2013,1204,971
2013,1205,629
2013,1206,737
2013,1301,870
2013,1302,1039
2013,1303,707
2013,1304,239
2013,1305,366
2013,1401,723
2013,1402,354
2013,1403,480
2013,1404,494
2013,1501,910
2013,1502,861
2013,1503,1001
2013,1504,845
2013,1601,604
2013,1602,1047
2013,1603,1441
2013,1701,577
2013,1702,505
2013,1703,532
2013,1704,746
2013,1705,949
2013,1706,930
2013,1801,644
2013,1802,522
2013,1803,90
2013,1804,663
2013,1805,716
2013,1806,400
2013,1807,755
2013,1808,1029
2013,1809,728
2013,1810,393
2013,1811,810
2013,1901,866
2013,1902,313
2013,1903,283
2013,1904,722
2013,2001,797
2013,2002,286
2013,2003,554
2013,2004,1102
2013,2005,859
2013,2006,1080
2013,2007,941
2013,2008,438
2013,2101,929
2013,2102,340
2013,2103,644
2013,2104,927
2013,2105,484
2013,2106,891
2013,2201,865
2013,2202,418
2013,2203,355
2013,2204,723
2013,2205,667
2013,2301,842
2013,2302,494
2013,2303,824
2013,2401,872
2013,2402,991
2013,2403,1025
2013,2404,714
2013,2405,259
2013,2406,583
2013,2407,159
2013,2501,1101
2013,2502,408
2013,2503,776
2013,2504,817
2013,2601,961
2013,2602,1234
2013,2701,550
2013,2702,649
2013,2703,1014
2013,2704,679
2013,2705,681
2013,2801,870
2013,2802,626
2013,2803,971
2013,2804,923
2013,2901,1072
2013,2902,499
2013,2903,621
2013,2904,1343
2013,3001,253
2013,3002,239
2013,3003,626
2013,3004,522
2013,3005,534
2013,3006,507
2013,3101,979
2013,3102,378
2013,3103,741
2013,3104,644
2013,3105,462
2013,3201,423
2013,3202,682
2013,3203,670
2013,3204,1066
2013,3205,336
2013,3301,676
2013,3302,882
2013,3303,604
2013,3304,1011
2013,3305,1104
2013,3401,1076
2013,3402,535
2013,3403,1460
2013,3404,500
2013,3501,489
2013,3502,814
2013,3503,652
2013,3504,1312
2013,3601,948
2013,3602,906
2013,3603,1104
2013,3701,587
2013,3702,786
2013,3703,766
2013,3704,519
2013,3801,531
2013,3802,411
2013,3803,633
2013,3804,834
2013,3901,904
2013,3902,788
2013,3903,1067
2013,3904,850
2013,4001,617
2013,4002,1141
2013,4003,540
2013,4101,744
2013,4102,1435
2013,4103,572
2013,4201,823
2013,4202,529
2013,4203,650
2013,4204,541
2014,0101,720
2014,0102,530
2014,0103,630
2014,0104,485
2014,0201,488
2014,0202,764
2014,0203,764
2014,0204,707
2014,0205,639
2014,0206,849
2014,0207,459
2014,0208,703
2014,0301,1066
2014,0302,1184
2014,0303,713
2014,0304,1016
2014,0401,1124
2014,0402,1181
2014,0403,632
2014,0404,1099
2014,0405,927
2014,0501,760
2014,0502,724
2014,0503,628
2014,0504,609
2014,0601,1154
2014,0602,872
2014,0603,399
2014,0604,747
2014,0605,537
2014,0606,757
2014,0701,736
2014,0702,616
2014,0703,736
2014,0704,987
2014,0705,946
2014,0706,1375
2014,0707,557
2014,0708,909
2014,0801,720
2014,0802,576
2014,0803,1043
2014,0804,1262
2014,0805,718
2014,0806,915
2014,0807,726
2014,0901,1136
2014,0902,670
2014,0903,873
2014,0904,865
2014,0905,510
2014,1001,458
2014,1002,875
2014,1003,1293
2014,1004,1075
2014,1005,842
2014,1006,877
2014,1101,415
2014,1102,1396
2014,1103,1237
2014,1104,985
2014,1201,826
2014,1202,1300
2014,1203,767
2014,1204,1043
2014,1205,624
2014,1206,762
2014,1301,854
2014,1302,1031
2014,1303,724
2014,1304,295
2014,1305,400
2014,1401,832
2014,1402,397
2014,1403,530
2014,1404,489
2014,1501,936
2014,1502,840
2014,1503,1058
2014,1504,900
2014,1601,628
2014,1602,1085
2014,1603,1478
2014,1701,618
2014,1702,511
2014,1703,534
2014,1704,757
2014,1705,976
2014,1706,899
2014,1801,649
2014,1802,539
2014,1803,98
2014,1804,674
2014,1805,778
2014,1806,414
2014,1807,799
2014,1808,1015
2014,1809,737
2014,1810,392
2014,1811,828
2014,1901,873
2014,1902,334
2014,1903,309
2014,1904,762
2014,2001,798
2014,2002,307
2014,2003,567
2014,2004,1144
2014,2005,888
2014,2006,1090
2014,2007,984
2014,2008,435
2014,2101,971
2014,2102,353
2014,2103,679
2014,2104,916
2014,2105,502
2014,2106,876
2014,2201,931
2014,2202,440
2014,2203,406
2014,2204,730
2014,2205,699
2014,2301,851
2014,2302,509
2014,2303,843
2014,2401,900
2014,2402,982
2014,2403,1010
2014,2404,734
2014,2405,259
2014,2406,597
2014,2407,204
2014,2501,1097
2014,2502,423
2014,2503,774
2014,2504,852
2014,2601,994
2014,2602,1249
2014,2701,562
2014,2702,641
2014,2703,1063
2014,2704,720
2014,2705,709
2014,2801,893
2014,2802,647
2014,2803,1014
2014,2804,930
2014,2901,1114
2014,2902,533
2014,2903,649
2014,2904,1369
2014,3001,292
2014,3002,287
2014,3003,680
2014,3004,557
2014,3005,545
2014,3006,546
2014,3101,1020
2014,3102,357
2014,3103,735
2014,3104,659
2014,3105,471
2014,3201,453
2014,3202,695
2014,3203,652
2014,3204,1083
2014,3205,373
2014,3301,672
2014,3302,939
2014,3303,623
2014,3304,1037
2014,3305,1075
2014,3401,1086
2014,3402,565
2014,3403,1433
2014,3404,523
2014,3501,493
2014,3502,804
2014,3503,652
2014,3504,1317
2014,3601,972
2014,3602,937
2014,3603,1101
2014,3701,618
2014,3702,780
2014,3703,781
2014,3704,512
2014,3801,550
2014,3802,426
2014,3803,641
2014,3804,858
2014,3901,908
2014,3902,792
2014,3903,1088
2014,3904,882
2014,4001,622
2014,4002,1160
2014,4003,580
2014,4101,748
2014,4102,1452
2014,4103,573
2014,4201,844
2014,4202,574
2014,4203,677
2014,4204,543
2015,0101,699
2015,0102,534
2015,0103,645
2015,0104,519
2015,0201,490
2015,0202,775
2015,0203,789
2015,0204,705
2015,0205,643
2015,0206,835
2015,0207,451
2015,0208,710
2015,0301,1176
2015,0302,1210
2015,0303,738
2015,0304,1024
2015,0401,1102
2015,0402,1202
2015,0403,658
2015,0404,1117
2015,0405,974
2015,0501,778
2015,0502,791
2015,0503,644
2015,0504,605
2015,0601,1149
2015,0602,876
2015,0603,441
2015,0604,731
2015,0605,555
2015,0606,768
2015,0701,745
2015,0702,621
2015,0703,773
2015,0704,1030
2015,0705,956
2015,0706,1380
2015,0707,565
2015,0708,915
2015,0801,763
2015,0802,581
2015,0803,1014
2015,0804,1259
2015,0805,726
2015,0806,946
2015,0807,719
2015,0901,1133
2015,0902,718
2015,0903,889
2015,0904,855
2015,0905,549
2015,1001,495
2015,1002,930
2015,1003,1321
2015,1004,1140
2015,1005,817
2015,1006,912
2015,1101,437
2015,1102,1400
2015,1103,1252
2015,1104,1006
2015,1201,837
2015,1202,1330
2015,1203,779
2015,1204,1043
2015,1205,633
2015,1206,796
2015,1301,849
2015,1302,1104
2015,1303,750
2015,1304,351
2015,1305,423
2015,1401,910
2015,1402,412
2015,1403,544
2015,1404,556
2015,1501,985
2015,1502,941
2015,1503,1077
2015,1504,932
2015,1601,680
2015,1602,1071
2015,1603,1482
2015,1701,666
2015,1702,523
2015,1703,539
2015,1704,778
2015,1705,1011
2015,1706,931
2015,1801,642
2015,1802,551
2015,1803,101
2015,1804,698
2015,1805,786
2015,1806,393
2015,1807,837
2015,1808,1055
2015,1809,741
2015,1810,405
2015,1811,868
2015,1901,968
2015,1902,355
2015,1903,315
2015,1904,750
2015,2001,801
2015,2002,348
2015,2003,629
2015,2004,1166
2015,2005,921
2015,2006,1125
2015,2007,990
2015,2008,434
2015,2101,952
2015,2102,380
2015,2103,786
2015,2104,968
2015,2105,494
2015,2106,892
2015,2201,897
2015,2202,509
2015,2203,518
2015,2204,732
2015,2205,686
2015,2301,883
2015,2302,537
2015,2303,829
2015,2401,948
2015,2402,1005
2015,2403,1043
2015,2404,741
2015,2405,273
2015,2406,607
2015,2407,213
2015,2501,1118
2015,2502,433
2015,2503,804
2015,2504,870
2015,2601,1019
2015,2602,1256
2015,2701,562
2015,2702,665
2015,2703,1084
2015,2704,763
2015,2705,781
2015,2801,904
2015,2802,682
2015,2803,1055
2015,2804,954
2015,2901,1137
2015,2902,574
2015,2903,658
2015,2904,1441
2015,3001,351
2015,3002,292
2015,3003,722
2015,3004,642
2015,3005,571
2015,3006,554
2015,3101,1010
2015,3102,474
2015,3103,741
2015,3104,672
2015,3105,495
2015,3201,470
2015,3202,708
2015,3203,688
2015,3204,1064
2015,3205,389
2015,3301,694
2015,3302,967
2015,3303,626
2015,3304,1008
2015,3305,1087
2015,3401,1125
2015,3402,515
2015,3403,1425
2015,3404,503
2015,3501,479
2015,3502,798
2015,3503,644
2015,3504,1375
2015,3601,973
2015,3602,951
2015,3603,1159
2015,3701,608
2015,3702,768
2015,3703,768
2015,3704,507
2015,3801,605
2015,3802,457
2015,3803,635
2015,3804,848
2015,3901,925
2015,3902,812
2015,3903,1117
2015,3904,870
2015,4001,596
2015,4002,1109
2015,4003,594
2015,4101,739
2015,4102,1436
2015,4103,540
2015,4201,827
2015,4202,595
2015,4203,677
2015,4204,571
2016,0101,717
2016,0102,524
2016,0103,648
2016,0104,545
2016,0201,507
2016,0202,800
2016,0203,816
2016,0204,709
2016,0205,689
2016,0206,838
2016,0207,442
2016,0208,733
2016,0301,1189
2016,0302,1192
2016,0303,766
2016,0304,1058
2016,0401,1151
2016,0402,1215
2016,0403,650
2016,0404,1159
2016,0405,1135
2016,0501,817
2016,0502,816
2016,0503,641
2016,0504,653
2016,0601,1166
2016,0602,929
2016,0603,437
2016,0604,791
2016,0605,535
2016,0606,832
2016,0701,740
2016,0702,621
2016,0703,816
2016,0704,1087
2016,0705,975
2016,0706,1426
2016,0707,611
2016,0708,922
2016,0801,801
2016,0802,617
2016,0803,1074
2016,0804,1319
2016,0805,774
2016,0806,959
2016,0807,770
2016,0901,1170
2016,0902,721
2016,0903,927
2016,0904,851
2016,0905,559
2016,1001,518
2016,1002,941
2016,1003,1344
2016,1004,1123
2016,1005,842
2016,1006,975
2016,1101,454
2016,1102,1405
2016,1103,1218
2016,1104,1019
2016,1201,833
2016,1202,1378
2016,1203,789
2016,1204,1072
2016,1205,668
2016,1206,813
2016,1301,906
2016,1302,1093
2016,1303,757
2016,1304,482
2016,1305,478
2016,1401,969
2016,1402,453
2016,1403,556
2016,1404,570
2016,1501,1027
2016,1502,1004
2016,1503,1087
2016,1504,974
2016,1601,720
2016,1602,1119
2016,1603,1463
2016,1701,733
2016,1702,524
2016,1703,542
2016,1704,807
2016,1705,1023
2016,1706,988
2016,1801,678
2016,1802,587
2016,1803,136
2016,1804,697
2016,1805,842
2016,1806,456
2016,1807,863
2016,1808,1112
2016,1809,799
2016,1810,464
2016,1811,915
2016,1901,986
2016,1902,385
2016,1903,350
2016,1904,810
2016,2001,853
2016,2002,403
2016,2003,665
2016,2004,1190
2016,2005,955
2016,2006,1156
2016,2007,1015
2016,2008,452
2016,2101,968
2016,2102,384
2016,2103,838
2016,2104,1016
2016,2105,516
2016,2106,934
2016,2201,949
2016,2202,656
2016,2203,638
2016,2204,729
2016,2205,717
2016,2301,901
2016,2302,534
2016,2303,876
2016,2401,1017
2016,2402,1042
2016,2403,1034
2016,2404,793
2016,2405,284
2016,2406,615
2016,2407,261
2016,2501,1138
2016,2502,469
2016,2503,822
2016,2504,876
2016,2601,1031
2016,2602,1245
2016,2701,584
2016,2702,713
2016,2703,1140
2016,2704,768
2016,2705,802
2016,2801,940
2016,2802,740
2016,2803,1090
2016,2804,1015
2016,2901,1180
2016,2902,616
2016,2903,705
2016,2904,1502
2016,3001,381
2016,3002,361
2016,3003,778
2016,3004,697
2016,3005,638
2016,3006,623
2016,3101,1052
2016,3102,504
2016,3103,761
2016,3104,694
2016,3105,558
2016,3201,494
2016,3202,773
2016,3203,705
2016,3204,1122
2016,3205,393
2016,3301,705
2016,3302,983
2016,3303,641
2016,3304,1006
2016,3305,1104
2016,3401,1102
2016,3402,504
2016,3403,1480
2016,3404,491
2016,3501,498
2016,3502,845
2016,3503,651
2016,3504,1386
2016,3601,990
2016,3602,949
2016,3603,1179
2016,3701,601
2016,3702,773
2016,3703,797
2016,3704,521
2016,3801,653
2016,3802,509
2016,3803,643
2016,3804,859
2016,3901,951
2016,3902,806
2016,3903,1129
2016,3904,866
2016,4001,611
2016,4002,1166
2016,4003,597
2016,4101,693
2016,4102,1460
2016,4103,567
2016,4201,802
2016,4202,573
2016,4203,700
2016,4204,574
2017,0101,740
2017,0102,559
2017,0103,682
2017,0104,561
2017,0201,507
2017,0202,796
2017,0203,828
2017,0204,683
2017,0205,707
2017,0206,835
2017,0207,480
2017,0208,764
2017,0301,1248
2017,0302,1249
2017,0303,802
2017,0304,999
2017,0401,1211
2017,0402,1287
2017,0403,672
2017,0404,1216
2017,0405,1142
2017,0501,895
2017,0502,841
2017,0503,651
2017,0504,671
2017,0601,1243
2017,0602,952
2017,0603,479
2017,0604,814
2017,0605,575
2017,0606,882
2017,0701,782
2017,0702,645
2017,0703,832
2017,0704,1117
2017,0705,994
2017,0706,1492
2017,0707,662
2017,0708,955
2017,0801,869
2017,0802,639
2017,0803,1092
2017,0804,1368
2017,0805,780
2017,0806,996
2017,0807,817
2017,0901,1238
2017,0902,744
2017,0903,950
2017,0904,868
2017,0905,584
2017,1001,573
2017,1002,973
2017,1003,1437
2017,1004,1189
2017,1005,855
2017,1006,986
2017,1101,506
2017,1102,1434
2017,1103,1268
2017,1104,1059
2017,1201,853
2017,1202,1430
2017,1203,801
2017,1204,1104
2017,1205,684
2017,1206,832
2017,1301,918
2017,1302,1119
2017,1303,807
2017,1304,597
2017,1305,555
2017,1401,1026
2017,1402,539
2017,1403,588
2017,1404,585
2017,1501,1001
2017,1502,1101
2017,1503,1125
2017,1504,1004
2017,1601,723
2017,1602,1126
2017,1603,1508
2017,1701,799
2017,1702,529
2017,1703,555
2017,1704,885
2017,1705,1079
2017,1706,1042
2017,1801,707
2017,1802,604
2017,1803,273
2017,1804,720
2017,1805,920
2017,1806,494
2017,1807,884
2017,1808,1085
2017,1809,784
2017,1810,446
2017,1811,872
2017,1901,1036
2017,1902,463
2017,1903,407
2017,1904,832
2017,2001,890
2017,2002,443
2017,2003,779
2017,2004,1231
2017,2005,979
2017,2006,1235
2017,2007,1041
2017,2008,498
2017,2101,1004
2017,2102,404
2017,2103,898
2017,2104,1046
2017,2105,549
2017,2106,921
2017,2201,993
2017,2202,761
2017,2203,745
2017,2204,785
2017,2205,777
2017,2301,898
2017,2302,544
2017,2303,914
2017,2401,1019
2017,2402,1093
2017,2403,1037
2017,2404,837
2017,2405,364
2017,2406,648
2017,2407,331
2017,2501,1154
2017,2502,535
2017,2503,849
2017,2504,880
2017,2601,895
2017,2602,1118
2017,2701,576
2017,2702,778
2017,2703,1187
2017,2704,771
2017,2705,855
2017,2801,1013
2017,2802,798
2017,2803,1146
2017,2804,995
2017,2901,1229
2017,2902,668
2017,2903,808
2017,2904,1607
2017,3001,429
2017,3002,606
2017,3003,846
2017,3004,775
2017,3005,679
2017,3006,654
2017,3101,1052
2017,3102,451
2017,3103,830
2017,3104,763
2017,3105,599
2017,3201,526
2017,3202,833
2017,3203,704
2017,3204,1107
2017,3205,409
2017,3301,735
2017,3302,1045
2017,3303,652
2017,3304,962
2017,3305,1144
2017,3401,1079
2017,3402,458
2017,3403,1464
2017,3404,475
2017,3501,513
2017,3502,837
2017,3503,653
2017,3504,1367
2017,3601,937
2017,3602,897
2017,3603,1196
2017,3701,592
2017,3702,769
2017,3703,764
2017,3704,514
2017,3801,674
2017,3802,607
2017,3803,642
2017,3804,865
2017,3901,959
2017,3902,798
2017,3903,1126
2017,3904,847
2017,4001,704
2017,4002,1161
2017,4003,619
2017,4101,662
2017,4102,1504
2017,4103,538
2017,4201,789
2017,4202,538
2017,4203,722
2017,4204,534
2018,0101,749
2018,0102,553
2018,0103,690
2018,0104,544
2018,0201,558
2018,0202,793
2018,0203,873
2018,0204,772
2018,0205,732
2018,0206,860
2018,0207,492
2018,0208,836
2018,0301,1264
2018,0302,1268
2018,0303,933
2018,0304,995
2018,0401,1228
2018,0402,1311
2018,0403,691
2018,0404,1255
2018,0405,1318
2018,0501,999
2018,0502,831
2018,0503,722
2018,0504,671
2018,0601,1261
2018,0602,959
2018,0603,459
2018,0604,845
2018,0605,599
2018,0606,904
2018,0701,792
2018,0702,643
2018,0703,874
2018,0704,1115
2018,0705,1038
2018,0706,1540
2018,0707,649
2018,0708,960
2018,0801,920
2018,0802,627
2018,0803,1178
2018,0804,1402
2018,0805,777
2018,0806,1051
2018,0807,950
2018,0901,1242
2018,0902,792
2018,0903,942
2018,0904,890
2018,0905,602
2018,1001,601
2018,1002,976
2018,1003,1401
2018,1004,1224
2018,1005,841
2018,1006,1019
2018,1101,685
2018,1102,1424
2018,1103,1260
2018,1104,1055
2018,1201,846
2018,1202,1479
2018,1203,815
2018,1204,1103
2018,1205,674
2018,1206,879
2018,1301,945
2018,1302,1107
2018,1303,868
2018,1304,877
2018,1305,614
2018,1401,1075
2018,1402,573
2018,1403,598
2018,1404,666
2018,1501,1023
2018,1502,1170
2018,1503,1177
2018,1504,1029
2018,1601,718
2018,1602,1144
2018,1603,1492
2018,1701,861
2018,1702,581
2018,1703,583
2018,1704,931
2018,1705,1103
2018,1706,1043
2018,1801,698
2018,1802,600
2018,1803,422
2018,1804,739
2018,1805,963
2018,1806,521
2018,1807,875
2018,1808,1109
2018,1809,801
2018,1810,459
2018,1811,905
2018,1901,1036
2018,1902,502
2018,1903,444
2018,1904,854
2018,2001,946
2018,2002,498
2018,2003,808
2018,2004,1276
2018,2005,1041
2018,2006,1207
2018,2007,1084
2018,2008,530
2018,2101,1010
2018,2102,434
2018,2103,900
2018,2104,1050
2018,2105,524
2018,2106,953
2018,2201,1002
2018,2202,784
2018,2203,784
2018,2204,814
2018,2205,802
2018,2301,906
2018,2302,572
2018,2303,940
2018,2401,1128
2018,2402,1086
2018,2403,1071
2018,2404,942
2018,2405,530
2018,2406,641
2018,2407,423
2018,2501,1299
2018,2502,646
2018,2503,933
2018,2504,969
2018,2601,1017
2018,2602,1214
2018,2701,644
2018,2702,799
2018,2703,1266
2018,2704,841
2018,2705,903
2018,2801,1080
2018,2802,853
2018,2803,1223
2018,2804,1091
2018,2901,1254
2018,2902,697
2018,2903,895
2018,2904,1685
2018,3001,645
2018,3002,979
2018,3003,901
2018,3004,902
2018,3005,717
2018,3006,652
2018,3101,1169
2018,3102,602
2018,3103,916
2018,3104,824
2018,3105,675
2018,3201,557
2018,3202,835
2018,3203,770
2018,3204,1154
2018,3205,433
2018,3301,786
2018,3302,1062
2018,3303,672
2018,3304,987
2018,3305,1164
2018,3401,1090
2018,3402,529
2018,3403,1545
2018,3404,508
2018,3501,524
2018,3502,857
2018,3503,657
2018,3504,1410
2018,3601,964
2018,3602,979
2018,3603,1237
2018,3701,610
2018,3702,807
2018,3703,822
2018,3704,495
2018,3801,712
2018,3802,714
2018,3803,664
2018,3804,877
2018,3901,954
2018,3902,801
2018,3903,1155
2018,3904,885
2018,4001,790
2018,4002,1260
2018,4003,671
2018,4101,708
2018,4102,1548
2018,4103,555
2018,4201,818
2018,4202,542
2018,4203,730
2018,4204,572
2019,0101,783
2019,0102,570
2019,0103,714
2019,0104,547
2019,0201,560
2019,0202,825
2019,0203,885
2019,0204,776
2019,0205,724
2019,0206,876
2019,0207,516
2019,0208,901
2019,0301,1221
2019,0302,1303
2019,0303,938
2019,0304,1080
2019,0401,1269
2019,0402,1328
2019,0403,725
2019,0404,1282
2019,0405,1420
2019,0501,1071
2019,0502,858
2019,0503,707
2019,0504,686
2019,0601,1261
2019,0602,942
2019,0603,490
2019,0604,845
2019,0605,590
2019,0606,941
2019,0701,861
2019,0702,636
2019,0703,872
2019,0704,1122
2019,0705,1009
2019,0706,1515
2019,0707,672
2019,0708,994
2019,0801,908
2019,0802,635
2019,0803,1177
2019,0804,1429
2019,0805,771
2019,0806,1026
2019,0807,864
2019,0901,1212
2019,0902,783
2019,0903,942
2019,0904,876
2019,0905,624
2019,1001,631
2019,1002,968
2019,1003,1337
2019,1004,1203
2019,1005,833
2019,1006,1025
2019,1101,723
2019,1102,1418
2019,1103,1239
2019,1104,1065
2019,1201,834
2019,1202,1476
2019,1203,781
2019,1204,1095
2019,1205,683
2019,1206,823
2019,1301,910
2019,1302,1096
2019,1303,902
2019,1304,947
2019,1305,766
2019,1401,1105
2019,1402,622
2019,1403,632
2019,1404,682
2019,1501,1005
2019,1502,1139
2019,1503,1188
2019,1504,1000
2019,1601,736
2019,1602,1104
2019,1603,1514
2019,1701,878
2019,1702,575
2019,1703,569
2019,1704,930
2019,1705,1107
2019,1706,1014
2019,1801,718
2019,1802,594
2019,1803,710
2019,1804,725
2019,1805,949
2019,1806,529
2019,1807,906
2019,1808,1116
2019,1809,848
2019,1810,484
2019,1811,877
2019,1901,979
2019,1902,573
2019,1903,457
2019,1904,880
2019,2001,989
2019,2002,563
2019,2003,853
2019,2004,1275
2019,2005,1036
2019,2006,1240
2019,2007,1067
2019,2008,539
2019,2101,979
2019,2102,525
2019,2103,887
2019,2104,1064
2019,2105,529
2019,2106,976
2019,2201,1008
2019,2202,886
2019,2203,828
2019,2204,804
2019,2205,800
2019,2301,916
2019,2302,560
2019,2303,894
2019,2401,1147
2019,2402,1107
2019,2403,1056
2019,2404,1124
2019,2405,708
2019,2406,667
2019,2407,566
2019,2501,1309
2019,2502,695
2019,2503,983
2019,2504,978
2019,2601,999
2019,2602,1219
2019,2701,616
2019,2702,878
2019,2703,1296
2019,2704,885
2019,2705,996
2019,2801,1039
2019,2802,853
2019,2803,1249
2019,2804,1116
2019,2901,1241
2019,2902,736
2019,2903,999
2019,2904,1610
2019,3001,743
2019,3002,1190
2019,3003,950
2019,3004,1013
2019,3005,744
2019,3006,654
2019,3101,1144
2019,3102,672
2019,3103,937
2019,3104,842
2019,3105,663
2019,3201,570
2019,3202,853
2019,3203,753
2019,3204,1123
2019,3205,485
2019,3301,802
2019,3302,1063
2019,3303,690
2019,3304,995
2019,3305,1131
2019,3401,1088
2019,3402,530
2019,3403,1578
2019,3404,516
2019,3501,531
2019,3502,850
2019,3503,687
2019,3504,1426
2019,3601,959
2019,3602,987
2019,3603,1246
2019,3701,634
2019,3702,832
2019,3703,818
2019,3704,487
2019,3801,803
2019,3802,695
2019,3803,651
2019,3804,916
2019,3901,948
2019,3902,779
2019,3903,1143
2019,3904,894
2019,4001,594
2019,4002,1255
2019,4003,647
2019,4101,702
2019,4102,1585
2019,4103,568
2019,4201,792
2019,4202,566
2019,4203,776
2019,4204,559
2020,0101,754
2020,0102,560
2020,0103,691
2020,0104,503
2020,0201,556
2020,0202,820
2020,0203,877
2020,0204,736
2020,0205,704
2020,0206,858
2020,0207,496
2020,0208,910
2020,0301,1236
2020,0302,1319
2020,0303,939
2020,0304,1167
2020,0401,1253
2020,0402,1292
2020,0403,723
2020,0404,1192
2020,0405,1428
2020,0501,1087
2020,0502,850
2020,0503,694
2020,0504,674
2020,0601,1229
2020,0602,934
2020,0603,461
2020,0604,836
2020,0605,584
2020,0606,913
2020,0701,970
2020,0702,634
2020,0703,851
2020,0704,1104
2020,0705,989
2020,0706,1528
2020,0707,657
2020,0708,981
2020,0801,894
2020,0802,638
2020,0803,1123
2020,0804,1381
2020,0805,759
2020,0806,1006
2020,0807,859
2020,0901,1162
2020,0902,812
2020,0903,878
2020,0904,883
2020,0905,619
2020,1001,620
2020,1002,961
2020,1003,1324
2020,1004,1186
2020,1005,819
2020,1006,1010
2020,1101,790
2020,1102,1383
2020,1103,1164
2020,1104,1025
2020,1201,823
2020,1202,1403
2020,1203,864
2020,1204,1056
2020,1205,660
2020,1206,783
2020,1301,878
2020,1302,1050
2020,1303,882
2020,1304,1045
2020,1305,609
2020,1401,1085
2020,1402,639
2020,1403,612
2020,1404,680
2020,1501,977
2020,1502,1121
2020,1503,1138
2020,1504,988
2020,1601,702
2020,1602,1128
2020,1603,1468
2020,1701,847
2020,1702,587
2020,1703,580
2020,1704,921
2020,1705,1051
2020,1706,1019
2020,1801,725
2020,1802,616
2020,1803,894
2020,1804,710
2020,1805,954
2020,1806,481
2020,1807,903
2020,1808,1081
2020,1809,877
2020,1810,497
2020,1811,882
2020,1901,1011
2020,1902,612
2020,1903,418
2020,1904,863
2020,2001,965
2020,2002,513
2020,2003,865
2020,2004,1263
2020,2005,1021
2020,2006,1176
2020,2007,1011
2020,2008,496
2020,2101,1043
2020,2102,614
2020,2103,846
2020,2104,1040
2020,2105,512
2020,2106,942
2020,2201,1051
2020,2202,886
2020,2203,887
2020,2204,797
2020,2205,777
2020,2301,897
2020,2302,567
2020,2303,897
2020,2401,1103
2020,2402,1077
2020,2403,1033
2020,2404,1187
2020,2405,747
2020,2406,665
2020,2407,665
2020,2501,1331
2020,2502,682
2020,2503,992
2020,2504,962
2020,2601,986
2020,2602,1244
2020,2701,627
2020,2702,964
2020,2703,1275
2020,2704,884
2020,2705,1104
2020,2801,1033
2020,2802,844
2020,2803,1258
2020,2804,1136
2020,2901,1227
2020,2902,666
2020,2903,934
2020,2904,1566
2020,3001,723
2020,3002,875
2020,3003,934
2020,3004,1117
2020,3005,662
2020,3006,660
2020,3101,1100
2020,3102,681
2020,3103,869
2020,3104,811
2020,3105,655
2020,3201,533
2020,3202,826
2020,3203,717
2020,3204,1152
2020,3205,543
2020,3301,783
2020,3302,1076
2020,3303,642
2020,3304,968
2020,3305,1104
2020,3401,1068
2020,3402,520
2020,3403,1548
2020,3404,500
2020,3501,542
2020,3502,840
2020,3503,736
2020,3504,1423
2020,3601,895
2020,3602,969
2020,3603,1233
2020,3701,602
2020,3702,810
2020,3703,789
2020,3704,498
2020,3801,869
2020,3802,663
2020,3803,667
2020,3804,884
2020,3901,893
2020,3902,759
2020,3903,1095
2020,3904,886
2020,4001,624
2020,4002,1273
2020,4003,646
2020,4101,684
2020,4102,1599
2020,4103,585
2020,4201,795
2020,4202,550
2020,4203,769
2020,4204,533
2021,0101,689
2021,0102,504
2021,0103,607
2021,0104,489
2021,0201,518
2021,0202,823
2021,0203,774
2021,0204,680
2021,0205,621
2021,0206,838
2021,0207,434
2021,0208,804
2021,0301,1482
2021,0302,1166
2021,0303,974
2021,0304,1112
2021,0401,1154
2021,0402,1206
2021,0403,652
2021,0404,1093
2021,0405,1293
2021,0501,960
2021,0502,759
2021,0503,767
2021,0504,634
2021,0601,1161
2021,0602,891
2021,0603,424
2021,0604,828
2021,0605,532
2021,0606,802
2021,0701,1051
2021,0702,601
2021,0703,783
2021,0704,1035
2021,0705,961
2021,0706,1358
2021,0707,603
2021,0708,926
2021,0801,779
2021,0802,604
2021,0803,995
2021,0804,1295
2021,0805,724
2021,0806,904
2021,0807,765
2021,0901,1106
2021,0902,714
2021,0903,787
2021,0904,790
2021,0905,574
2021,1001,582
2021,1002,925
2021,1003,1217
2021,1004,1114
2021,1005,762
2021,1006,924
2021,1101,706
2021,1102,1279
2021,1103,1148
2021,1104,917
2021,1201,742
2021,1202,1262
2021,1203,828
2021,1204,955
2021,1205,620
2021,1206,735
2021,1301,795
2021,1302,963
2021,1303,848
2021,1304,1097
2021,1305,475
2021,1401,1036
2021,1402,655
2021,1403,571
2021,1404,633
2021,1501,900
2021,1502,991
2021,1503,1056
2021,1504,887
2021,1601,659
2021,1602,1045
2021,1603,1356
2021,1701,751
2021,1702,564
2021,1703,570
2021,1704,886
2021,1705,999
2021,1706,920
2021,1801,654
2021,1802,583
2021,1803,1205
2021,1804,676
2021,1805,935
2021,1806,456
2021,1807,828
2021,1808,1037
2021,1809,824
2021,1810,454
2021,1811,849
2021,1901,1034
2021,1902,557
2021,1903,382
2021,1904,790
2021,2001,880
2021,2002,482
2021,2003,824
2021,2004,1177
2021,2005,942
2021,2006,1062
2021,2007,966
2021,2008,408
2021,2101,1101
2021,2102,656
2021,2103,791
2021,2104,964
2021,2105,499
2021,2106,891
2021,2201,949
2021,2202,831
2021,2203,874
2021,2204,729
2021,2205,736
2021,2301,835
2021,2302,535
2021,2303,815
2021,2401,1039
2021,2402,1000
2021,2403,1069
2021,2404,1151
2021,2405,797
2021,2406,618
2021,2407,704
2021,2501,1149
2021,2502,473
2021,2503,835
2021,2504,949
2021,2601,998
2021,2602,1178
2021,2701,645
2021,2702,953
2021,2703,1232
2021,2704,836
2021,2705,1128
2021,2801,978
2021,2802,709
2021,2803,1208
2021,2804,1127
2021,2901,1122
2021,2902,572
2021,2903,747
2021,2904,1252
2021,3001,460
2021,3002,523
2021,3003,792
2021,3004,1131
2021,3005,594
2021,3006,545
2021,3101,984
2021,3102,606
2021,3103,777
2021,3104,737
2021,3105,630
2021,3201,502
2021,3202,797
2021,3203,668
2021,3204,1110
2021,3205,576
2021,3301,695
2021,3302,995
2021,3303,602
2021,3304,913
2021,3305,1044
2021,3401,1083
2021,3402,512
2021,3403,1478
2021,3404,496
2021,3501,509
2021,3502,834
2021,3503,724
2021,3504,1401
2021,3601,859
2021,3602,882
2021,3603,1227
2021,3701,582
2021,3702,788
2021,3703,738
2021,3704,482
2021,3801,983
2021,3802,649
2021,3803,634
2021,3804,850
2021,3901,875
2021,3902,727
2021,3903,1026
2021,3904,835
2021,4001,586
2021,4002,1149
2021,4003,558
2021,4101,694
2021,4102,1560
2021,4103,587
2021,4201,782
2021,4202,549
2021,4203,762
2021,4204,536
2022,0101,764
2022,0102,575
2022,0103,651
2022,0104,547
2022,0201,547
2022,0202,833
2022,0203,846
2022,0204,732
2022,0205,661
2022,0206,911
2022,0207,473
2022,0208,847
2022,0301,1926
2022,0302,1358
2022,0303,1149
2022,0304,1361
2022,0401,1258
2022,0402,1270
2022,0403,759
2022,0404,1226
2022,0405,1476
2022,0501,1138
2022,0502,831
2022,0503,892
2022,0504,696
2022,0601,1233
2022,0602,945
2022,0603,474
2022,0604,1010
2022,0605,583
2022,0606,848
2022,0701,1154
2022,0702,646
2022,0703,859
2022,0704,1110
2022,0705,1033
2022,0706,1484
2022,0707,630
2022,0708,1039
2022,0801,857
2022,0802,617
2022,0803,1091
2022,0804,1382
2022,0805,772
2022,0806,961
2022,0807,858
2022,0901,1163
2022,0902,790
2022,0903,889
2022,0904,855
2022,0905,642
2022,1001,592
2022,1002,998
2022,1003,1342
2022,1004,1232
2022,1005,785
2022,1006,999
2022,1101,803
2022,1102,1333
2022,1103,1137
2022,1104,967
2022,1201,812
2022,1202,1338
2022,1203,865
2022,1204,1003
2022,1205,634
2022,1206,763
2022,1301,837
2022,1302,1028
2022,1303,913
2022,1304,1327
2022,1305,524
2022,1401,1100
2022,1402,833
2022,1403,607
2022,1404,675
2022,1501,940
2022,1502,1058
2022,1503,1108
2022,1504,934
2022,1601,690
2022,1602,1128
2022,1603,1416
2022,1701,748
2022,1702,584
2022,1703,608
2022,1704,931
2022,1705,1042
2022,1706,955
2022,1801,684
2022,1802,582
2022,1803,1646
2022,1804,726
2022,1805,999
2022,1806,468
2022,1807,889
2022,1808,1110
2022,1809,859
2022,1810,485
2022,1811,875
2022,1901,1346
2022,1902,582
2022,1903,380
2022,1904,867
2022,2001,929
2022,2002,508
2022,2003,978
2022,2004,1217
2022,2005,1016
2022,2006,1124
2022,2007,1023
2022,2008,420
2022,2101,1182
2022,2102,757
2022,2103,813
2022,2104,1025
2022,2105,495
2022,2106,962
2022,2201,1016
2022,2202,863
2022,2203,931
2022,2204,756
2022,2205,803
2022,2301,886
2022,2302,552
2022,2303,893
2022,2401,1127
2022,2402,1052
2022,2403,1235
2022,2404,1241
2022,2405,831
2022,2406,660
2022,2407,794
2022,2501,1326
2022,2502,697
2022,2503,965
2022,2504,1010
2022,2601,1042
2022,2602,1205
2022,2701,732
2022,2702,1073
2022,2703,1285
2022,2704,867
2022,2705,1296
2022,2801,1067
2022,2802,825
2022,2803,1364
2022,2804,1225
2022,2901,1237
2022,2902,717
2022,2903,929
2022,2904,1472
2022,3001,679
2022,3002,847
2022,3003,944
2022,3004,1416
2022,3005,693
2022,3006,645
2022,3101,1100
2022,3102,688
2022,3103,903
2022,3104,833
2022,3105,676
2022,3201,528
2022,3202,831
2022,3203,667
2022,3204,1168
2022,3205,664
2022,3301,779
2022,3302,1075
2022,3303,641
2022,3304,931
2022,3305,1073
2022,3401,1129
2022,3402,553
2022,3403,1509
2022,3404,515
2022,3501,527
2022,3502,864
2022,3503,774
2022,3504,1381
2022,3601,874
2022,3602,916
2022,3603,1329
2022,3701,594
2022,3702,822
2022,3703,781
2022,3704,513
2022,3801,1265
2022,3802,694
2022,3803,649
2022,3804,885
2022,3901,913
2022,3902,760
2022,3903,1063
2022,3904,893
2022,4001,608
2022,4002,1254
2022,4003,637
2022,4101,712
2022,4102,1581
2022,4103,651
2022,4201,817
2022,4202,593
2022,4203,809
2022,4204,567
2023,0101,827
2023,0102,567
2023,0103,701
2023,0104,604
2023,0201,595
2023,0202,877
2023,0203,886
2023,0204,737
2023,0205,699
2023,0206,920
2023,0207,517
2023,0208,876
2023,0301,2145
2023,0302,1396
2023,0303,1358
2023,0304,1428
2023,0401,1328
2023,0402,1363
2023,0403,816
2023,0404,1384
2023,0405,1551
2023,0501,1147
2023,0502,834
2023,0503,959
2023,0504,700
2023,0601,1280
2023,0602,1012
2023,0603,484
2023,0604,1285
2023,0605,606
2023,0606,886
2023,0701,1254
2023,0702,644
2023,0703,869
2023,0704,1132
2023,0705,1087
2023,0706,1546
2023,0707,717
2023,0708,1093
2023,0801,912
2023,0802,672
2023,0803,1162
2023,0804,1472
2023,0805,762
2023,0806,1091
2023,0807,892
2023,0901,1192
2023,0902,803
2023,0903,915
2023,0904,871
2023,0905,679
2023,1001,614
2023,1002,1104
2023,1003,1396
2023,1004,1323
2023,1005,813
2023,1006,1026
2023,1101,940
2023,1102,1314
2023,1103,1163
2023,1104,955
2023,1201,902
2023,1202,1346
2023,1203,894
2023,1204,1052
2023,1205,617
2023,1206,766
2023,1301,844
2023,1302,1105
2023,1303,938
2023,1304,1496
2023,1305,563
2023,1401,1167
2023,1402,1034
2023,1403,720
2023,1404,689
2023,1501,944
2023,1502,1051
2023,1503,1153
2023,1504,999
2023,1601,703
2023,1602,1117
2023,1603,1444
2023,1701,770
2023,1702,583
2023,1703,621
2023,1704,957
2023,1705,1061
2023,1706,1010
2023,1801,686
2023,1802,600
2023,1803,1924
2023,1804,747
2023,1805,1041
2023,1806,497
2023,1807,894
2023,1808,1110
2023,1809,885
2023,1810,477
2023,1811,909
2023,1901,1530
2023,1902,577
2023,1903,366
2023,1904,897
2023,2001,967
2023,2002,615
2023,2003,985
2023,2004,1259
2023,2005,1085
2023,2006,1183
2023,2007,1047
2023,2008,431
2023,2101,1244
2023,2102,729
2023,2103,812
2023,2104,1037
2023,2105,552
2023,2106,981
2023,2201,1080
2023,2202,900
2023,2203,979
2023,2204,799
2023,2205,828
2023,2301,873
2023,2302,551
2023,2303,947
2023,2401,1288
2023,2402,1056
2023,2403,1242
2023,2404,1352
2023,2405,926
2023,2406,681
2023,2407,822
2023,2501,1380
2023,2502,787
2023,2503,1026
2023,2504,1093
2023,2601,1075
2023,2602,1242
2023,2701,812
2023,2702,1151
2023,2703,1304
2023,2704,916
2023,2705,1399
2023,2801,1111
2023,2802,874
2023,2803,1466
2023,2804,1311
2023,2901,1280
2023,2902,754
2023,2903,1059
2023,2904,1549
2023,3001,945
2023,3002,1202
2023,3003,1034
2023,3004,1688
2023,3005,713
2023,3006,689
2023,3101,1118
2023,3102,800
2023,3103,955
2023,3104,933
2023,3105,705
2023,3201,573
2023,3202,848
2023,3203,707
2023,3204,1129
2023,3205,741
2023,3301,849
2023,3302,1095
2023,3303,680
2023,3304,932
2023,3305,1072
2023,3401,1180
2023,3402,567
2023,3403,1527
2023,3404,534
2023,3501,559
2023,3502,861
2023,3503,762
2023,3504,1404
2023,3601,924
2023,3602,947
2023,3603,1451
2023,3701,613
2023,3702,845
2023,3703,815
2023,3704,513
2023,3801,1389
2023,3802,711
2023,3803,664
2023,3804,918
2023,3901,940
2023,3902,810
2023,3903,1100
2023,3904,903
2023,4001,580
2023,4002,1300
2023,4003,651
2023,4101,696
2023,4102,1664
2023,4103,671
2023,4201,840
2023,4202,580
2023,4203,814
2023,4204,611
2024,0101,836
2024,0102,597
2024,0103,697
2024,0104,661
2024,0201,590
2024,0202,897
2024,0203,985
2024,0204,756
2024,0205,730
2024,0206,961
2024,0207,516
2024,0208,881
2024,0301,2256
2024,0302,1433
2024,0303,1418
2024,0304,1445
2024,0401,1312
2024,0402,1358
2024,0403,826
2024,0404,1373
2024,0405,1485
2024,0501,1171
2024,0502,887
2024,0503,997
2024,0504,719
2024,0601,1328
2024,0602,994
2024,0603,490
2024,0604,1432
2024,0605,633
2024,0606,936
2024,0701,1328
2024,0702,647
2024,0703,909
2024,0704,1164
2024,0705,1073
2024,0706,1614
2024,0707,733
2024,0708,1126
2024,0801,933
2024,0802,692
2024,0803,1181
2024,0804,1508
2024,0805,785
2024,0806,1082
2024,0807,915
2024,0901,1257
2024,0902,842
2024,0903,928
2024,0904,873
2024,0905,679
2024,1001,647
2024,1002,1154
2024,1003,1352
2024,1004,1391
2024,1005,860
2024,1006,1042
2024,1101,992
2024,1102,1290
2024,1103,1163
2024,1104,983
2024,1201,1003
2024,1202,1311
2024,1203,896
2024,1204,1067
2024,1205,609
2024,1206,781
2024,1301,845
2024,1302,1110
2024,1303,976
2024,1304,1657
2024,1305,593
2024,1401,1384
2024,1402,1183
2024,1403,727
2024,1404,679
2024,1501,940
2024,1502,1027
2024,1503,1177
2024,1504,998
2024,1601,714
2024,1602,1159
2024,1603,1435
2024,1701,725
2024,1702,603
2024,1703,656
2024,1704,967
2024,1705,1040
2024,1706,1027
2024,1801,675
2024,1802,604
2024,1803,2170
2024,1804,740
2024,1805,1047
2024,1806,517
2024,1807,939
2024,1808,1151
2024,1809,888
2024,1810,496
2024,1811,935
2024,1901,1603
2024,1902,556
2024,1903,378
2024,1904,931
2024,2001,981
2024,2002,622
2024,2003,960
2024,2004,1280
2024,2005,1098
2024,2006,1171
2024,2007,1073
2024,2008,436
2024,2101,1353
2024,2102,732
2024,2103,809
2024,2104,1017
2024,2105,554
2024,2106,973
2024,2201,1096
2024,2202,916
2024,2203,947
2024,2204,809
2024,2205,850
2024,2301,855
2024,2302,556
2024,2303,956
2024,2401,1303
2024,2402,1077
2024,2403,1256
2024,2404,1398
2024,2405,944
2024,2406,749
2024,2407,860
2024,2501,1404
2024,2502,844
2024,2503,1064
2024,2504,1120
2024,2601,1069
2024,2602,1278
2024,2701,929
2024,2702,1199
2024,2703,1323
2024,2704,920
2024,2705,1464
2024,2801,1137
2024,2802,934
2024,2803,1549
2024,2804,1401
2024,2901,1315
2024,2902,802
2024,2903,1089
2024,2904,1618
2024,3001,1088
2024,3002,1366
2024,3003,1062
2024,3004,1780
2024,3005,767
2024,3006,703
2024,3101,1030
2024,3102,793
2024,3103,999
2024,3104,945
2024,3105,798
2024,3201,592
2024,3202,869
2024,3203,712
2024,3204,1118
2024,3205,866
2024,3301,861
2024,3302,1112
2024,3303,710
2024,3304,946
2024,3305,1057
2024,3401,1177
2024,3402,597
2024,3403,1545
2024,3404,557
2024,3501,572
2024,3502,835
2024,3503,783
2024,3504,1428
2024,3601,921
2024,3602,972
2024,3603,1510
2024,3701,627
2024,3702,849
2024,3703,803
2024,3704,540
2024,3801,1477
2024,3802,689
2024,3803,669
2024,3804,925
2024,3901,952
2024,3902,809
2024,3903,1083
2024,3904,933
2024,4001,592
2024,4002,1318
2024,4003,679
2024,4101,714
2024,4102,1686
2024,4103,688
2024,4201,808
2024,4202,589
2024,4203,830
2024,4204,620
